"Type","Source","Destination","Size (Bytes)"
"Image","https://wealthsimplebonus.ca/","https://wealthsimplebonus.ca/_astro/wealthsimple-crypto-vs-newton-vs-shakepay.BhNWIdjw.png","473921"
"Image","https://wealthsimplebonus.ca/blog/wealthsimple-crypto-vs-newton-vs-shakepay","https://wealthsimplebonus.ca/_astro/wealthsimple-crypto-vs-newton-vs-shakepay.BhNWIdjw.png","473921"
"Image","https://wealthsimplebonus.ca/blog","https://wealthsimplebonus.ca/_astro/wealthsimple-crypto-vs-newton-vs-shakepay.BhNWIdjw.png","473921"
"Image","https://wealthsimplebonus.ca/tag/wealthsimple-crypto","https://wealthsimplebonus.ca/_astro/wealthsimple-crypto-vs-newton-vs-shakepay.BhNWIdjw.png","473921"
"Image","https://wealthsimplebonus.ca/tag/newton-vs-shakepay","https://wealthsimplebonus.ca/_astro/wealthsimple-crypto-vs-newton-vs-shakepay.BhNWIdjw.png","473921"
"Image","https://wealthsimplebonus.ca/tag/crypto-trading","https://wealthsimplebonus.ca/_astro/wealthsimple-crypto-vs-newton-vs-shakepay.BhNWIdjw.png","473921"
"Image","https://wealthsimplebonus.ca/blog/wealthsimple-cash-account-review","https://wealthsimplebonus.ca/_astro/wealthsimple-crypto-vs-newton-vs-shakepay.BhNWIdjw.png","473921"
"Image","https://wealthsimplebonus.ca/tag/bitcoin-canada","https://wealthsimplebonus.ca/_astro/wealthsimple-crypto-vs-newton-vs-shakepay.BhNWIdjw.png","473921"
"Image","https://wealthsimplebonus.ca/fr/blogue/wealthsimple-crypto-vs-newton-vs-shakepay","https://wealthsimplebonus.ca/_astro/wealthsimple-crypto-vs-newton-vs-shakepay.BhNWIdjw.png","473921"
"Image","https://wealthsimplebonus.ca/category/comparisons","https://wealthsimplebonus.ca/_astro/wealthsimple-crypto-vs-newton-vs-shakepay.BhNWIdjw.png","473921"
"Image","https://wealthsimplebonus.ca/blog/wealthsimple-vs-questrade-2025","https://wealthsimplebonus.ca/_astro/wealthsimple-crypto-vs-newton-vs-shakepay.BhNWIdjw.png","473921"
"Image","https://wealthsimplebonus.ca/blog/core-vs-premium-vs-generation","https://wealthsimplebonus.ca/_astro/wealthsimple-crypto-vs-newton-vs-shakepay.BhNWIdjw.png","473921"
"Image","https://wealthsimplebonus.ca/fr/blogue","https://wealthsimplebonus.ca/_astro/wealthsimple-crypto-vs-newton-vs-shakepay.BhNWIdjw.png","473921"
"Image","https://wealthsimplebonus.ca/fr/blogue/core-vs-premium-vs-generation","https://wealthsimplebonus.ca/_astro/wealthsimple-crypto-vs-newton-vs-shakepay.BhNWIdjw.png","473921"
"Image","https://wealthsimplebonus.ca/fr/blogue/wealthsimple-vs-questrade-2025","https://wealthsimplebonus.ca/_astro/wealthsimple-crypto-vs-newton-vs-shakepay.BhNWIdjw.png","473921"
"Image","https://wealthsimplebonus.ca/fr/blogue/evaluation-compte-wealthsimple-comptant","https://wealthsimplebonus.ca/_astro/wealthsimple-crypto-vs-newton-vs-shakepay.BhNWIdjw.png","473921"
"Image","https://wealthsimplebonus.ca/blog/wealthsimple-tax-review-2025","https://wealthsimplebonus.ca/_astro/wealthsimple-crypto-vs-newton-vs-shakepay.BhNWIdjw.png","473921"
"Image","https://wealthsimplebonus.ca/fr/blogue/evaluation-wealthsimple-impot-2025","https://wealthsimplebonus.ca/_astro/wealthsimple-crypto-vs-newton-vs-shakepay.BhNWIdjw.png","473921"
"Image","https://wealthsimplebonus.ca/","https://wealthsimplebonus.ca/_astro/referral-bonus-terms-conditions.DAreNNc5.png","571954"
"Image","https://wealthsimplebonus.ca/blog/referral-bonus-terms-conditions","https://wealthsimplebonus.ca/_astro/referral-bonus-terms-conditions.DAreNNc5.png","571954"
"Image","https://wealthsimplebonus.ca/blog/wealthsimple-referral-code-2025","https://wealthsimplebonus.ca/_astro/referral-bonus-terms-conditions.DAreNNc5.png","571954"
"Image","https://wealthsimplebonus.ca/blog/wealthsimple-crypto-vs-newton-vs-shakepay","https://wealthsimplebonus.ca/_astro/referral-bonus-terms-conditions.DAreNNc5.png","571954"
"Image","https://wealthsimplebonus.ca/blog","https://wealthsimplebonus.ca/_astro/referral-bonus-terms-conditions.DAreNNc5.png","571954"
"Image","https://wealthsimplebonus.ca/blog/add-referral-code-after-signup","https://wealthsimplebonus.ca/_astro/referral-bonus-terms-conditions.DAreNNc5.png","571954"
"Image","https://wealthsimplebonus.ca/blog/wealthsimple-vs-questrade-2025","https://wealthsimplebonus.ca/_astro/referral-bonus-terms-conditions.DAreNNc5.png","571954"
"Image","https://wealthsimplebonus.ca/blog/core-vs-premium-vs-generation","https://wealthsimplebonus.ca/_astro/referral-bonus-terms-conditions.DAreNNc5.png","571954"
"Image","https://wealthsimplebonus.ca/tag/referral-bonus-eligibility","https://wealthsimplebonus.ca/_astro/referral-bonus-terms-conditions.DAreNNc5.png","571954"
"Image","https://wealthsimplebonus.ca/tag/wealthsimple-requirements","https://wealthsimplebonus.ca/_astro/referral-bonus-terms-conditions.DAreNNc5.png","571954"
"Image","https://wealthsimplebonus.ca/category/referral-codes","https://wealthsimplebonus.ca/_astro/referral-bonus-terms-conditions.DAreNNc5.png","571954"
"Image","https://wealthsimplebonus.ca/tag/wealthsimple-terms","https://wealthsimplebonus.ca/_astro/referral-bonus-terms-conditions.DAreNNc5.png","571954"
"Image","https://wealthsimplebonus.ca/tag/referral-conditions","https://wealthsimplebonus.ca/_astro/referral-bonus-terms-conditions.DAreNNc5.png","571954"
"Image","https://wealthsimplebonus.ca/blog/referral-ladder-challenge","https://wealthsimplebonus.ca/_astro/referral-bonus-terms-conditions.DAreNNc5.png","571954"
"Image","https://wealthsimplebonus.ca/blog/promo-code-vs-referral-code","https://wealthsimplebonus.ca/_astro/referral-bonus-terms-conditions.DAreNNc5.png","571954"
"Image","https://wealthsimplebonus.ca/blog/wealthsimple-crypto-vs-newton-vs-shakepay","https://wealthsimplebonus.ca/_astro/wealthsimple-vs-questrade-2025.j6tt_9H0.png","505357"
"Image","https://wealthsimplebonus.ca/blog/2","https://wealthsimplebonus.ca/_astro/wealthsimple-vs-questrade-2025.j6tt_9H0.png","505357"
"Image","https://wealthsimplebonus.ca/category/comparisons","https://wealthsimplebonus.ca/_astro/wealthsimple-vs-questrade-2025.j6tt_9H0.png","505357"
"Image","https://wealthsimplebonus.ca/blog/wealthsimple-vs-questrade-2025","https://wealthsimplebonus.ca/_astro/wealthsimple-vs-questrade-2025.j6tt_9H0.png","505357"
"Image","https://wealthsimplebonus.ca/tag/brokerage-comparison","https://wealthsimplebonus.ca/_astro/wealthsimple-vs-questrade-2025.j6tt_9H0.png","505357"
"Image","https://wealthsimplebonus.ca/tag/trading-fees","https://wealthsimplebonus.ca/_astro/wealthsimple-vs-questrade-2025.j6tt_9H0.png","505357"
"Image","https://wealthsimplebonus.ca/tag/wealthsimple-vs-questrade","https://wealthsimplebonus.ca/_astro/wealthsimple-vs-questrade-2025.j6tt_9H0.png","505357"
"Image","https://wealthsimplebonus.ca/tag/canadian-investing","https://wealthsimplebonus.ca/_astro/wealthsimple-vs-questrade-2025.j6tt_9H0.png","505357"
"Image","https://wealthsimplebonus.ca/blog/referral-bonus-terms-conditions","https://wealthsimplebonus.ca/images/en/wealthsimple-promo-code-vs-referral-code.webp","132422"
"Image","https://wealthsimplebonus.ca/blog/wealthsimple-referral-code-2025","https://wealthsimplebonus.ca/images/en/wealthsimple-promo-code-vs-referral-code.webp","132422"
"Image","https://wealthsimplebonus.ca/blog","https://wealthsimplebonus.ca/images/en/wealthsimple-promo-code-vs-referral-code.webp","132422"
"Image","https://wealthsimplebonus.ca/blog/add-referral-code-after-signup","https://wealthsimplebonus.ca/images/en/wealthsimple-promo-code-vs-referral-code.webp","132422"
"Image","https://wealthsimplebonus.ca/tag/referral-code","https://wealthsimplebonus.ca/images/en/wealthsimple-promo-code-vs-referral-code.webp","132422"
"Image","https://wealthsimplebonus.ca/tag/bonus-comparison","https://wealthsimplebonus.ca/images/en/wealthsimple-promo-code-vs-referral-code.webp","132422"
"Image","https://wealthsimplebonus.ca/tag/wealthsimple-promotions","https://wealthsimplebonus.ca/images/en/wealthsimple-promo-code-vs-referral-code.webp","132422"
"Image","https://wealthsimplebonus.ca/tag/wealthsimple-promo-code","https://wealthsimplebonus.ca/images/en/wealthsimple-promo-code-vs-referral-code.webp","132422"
"Image","https://wealthsimplebonus.ca/category/referral-codes","https://wealthsimplebonus.ca/images/en/wealthsimple-promo-code-vs-referral-code.webp","132422"
"Image","https://wealthsimplebonus.ca/blog/referral-ladder-challenge","https://wealthsimplebonus.ca/images/en/wealthsimple-promo-code-vs-referral-code.webp","132422"
"Image","https://wealthsimplebonus.ca/blog/promo-code-vs-referral-code","https://wealthsimplebonus.ca/images/en/wealthsimple-promo-code-vs-referral-code.webp","132422"
"Image","https://wealthsimplebonus.ca/blog/referral-bonus-terms-conditions","https://wealthsimplebonus.ca/_astro/referral-ladder-challenge.DaWe2m3-.png","536007"
"Image","https://wealthsimplebonus.ca/blog/wealthsimple-referral-code-2025","https://wealthsimplebonus.ca/_astro/referral-ladder-challenge.DaWe2m3-.png","536007"
"Image","https://wealthsimplebonus.ca/blog","https://wealthsimplebonus.ca/_astro/referral-ladder-challenge.DaWe2m3-.png","536007"
"Image","https://wealthsimplebonus.ca/blog/add-referral-code-after-signup","https://wealthsimplebonus.ca/_astro/referral-ladder-challenge.DaWe2m3-.png","536007"
"Image","https://wealthsimplebonus.ca/tag/usd5000-bonus","https://wealthsimplebonus.ca/_astro/referral-ladder-challenge.DaWe2m3-.png","536007"
"Image","https://wealthsimplebonus.ca/tag/portfolio-transfer","https://wealthsimplebonus.ca/_astro/referral-ladder-challenge.DaWe2m3-.png","536007"
"Image","https://wealthsimplebonus.ca/tag/high-net-worth","https://wealthsimplebonus.ca/_astro/referral-ladder-challenge.DaWe2m3-.png","536007"
"Image","https://wealthsimplebonus.ca/tag/wealthsimple-referral-ladder","https://wealthsimplebonus.ca/_astro/referral-ladder-challenge.DaWe2m3-.png","536007"
"Image","https://wealthsimplebonus.ca/category/referral-codes","https://wealthsimplebonus.ca/_astro/referral-ladder-challenge.DaWe2m3-.png","536007"
"Image","https://wealthsimplebonus.ca/blog/referral-ladder-challenge","https://wealthsimplebonus.ca/_astro/referral-ladder-challenge.DaWe2m3-.png","536007"
"Image","https://wealthsimplebonus.ca/blog/promo-code-vs-referral-code","https://wealthsimplebonus.ca/_astro/referral-ladder-challenge.DaWe2m3-.png","536007"
"Image","https://wealthsimplebonus.ca/about","https://wealthsimplebonus.ca/_astro/isabelle-reuben.CkBqP7rZ.jpg","320517"
"Image","https://wealthsimplebonus.ca/blog/referral-bonus-terms-conditions","https://wealthsimplebonus.ca/_astro/isabelle-reuben.CkBqP7rZ.jpg","320517"
"Image","https://wealthsimplebonus.ca/blog/wealthsimple-referral-code-2025","https://wealthsimplebonus.ca/_astro/isabelle-reuben.CkBqP7rZ.jpg","320517"
"Image","https://wealthsimplebonus.ca/blog/wealthsimple-crypto-vs-newton-vs-shakepay","https://wealthsimplebonus.ca/_astro/isabelle-reuben.CkBqP7rZ.jpg","320517"
"Image","https://wealthsimplebonus.ca/blog/add-referral-code-after-signup","https://wealthsimplebonus.ca/_astro/isabelle-reuben.CkBqP7rZ.jpg","320517"
"Image","https://wealthsimplebonus.ca/blog/wealthsimple-cash-account-review","https://wealthsimplebonus.ca/_astro/isabelle-reuben.CkBqP7rZ.jpg","320517"
"Image","https://wealthsimplebonus.ca/fr/blogue/wealthsimple-crypto-vs-newton-vs-shakepay","https://wealthsimplebonus.ca/_astro/isabelle-reuben.CkBqP7rZ.jpg","320517"
"Image","https://wealthsimplebonus.ca/blog/wealthsimple-vs-questrade-2025","https://wealthsimplebonus.ca/_astro/isabelle-reuben.CkBqP7rZ.jpg","320517"
"Image","https://wealthsimplebonus.ca/blog/core-vs-premium-vs-generation","https://wealthsimplebonus.ca/_astro/isabelle-reuben.CkBqP7rZ.jpg","320517"
"Image","https://wealthsimplebonus.ca/fr/blogue/code-de-parrainage-wealthsimple-2025","https://wealthsimplebonus.ca/_astro/isabelle-reuben.CkBqP7rZ.jpg","320517"
"Image","https://wealthsimplebonus.ca/fr/blogue/conditions-prime-parrainage","https://wealthsimplebonus.ca/_astro/isabelle-reuben.CkBqP7rZ.jpg","320517"
"Image","https://wealthsimplebonus.ca/blog/referral-ladder-challenge","https://wealthsimplebonus.ca/_astro/isabelle-reuben.CkBqP7rZ.jpg","320517"
"Image","https://wealthsimplebonus.ca/blog/promo-code-vs-referral-code","https://wealthsimplebonus.ca/_astro/isabelle-reuben.CkBqP7rZ.jpg","320517"
"Image","https://wealthsimplebonus.ca/fr/a-propos","https://wealthsimplebonus.ca/_astro/isabelle-reuben.CkBqP7rZ.jpg","320517"
"Image","https://wealthsimplebonus.ca/fr/blogue/ajouter-code-parrainage-apres-inscription","https://wealthsimplebonus.ca/_astro/isabelle-reuben.CkBqP7rZ.jpg","320517"
"Image","https://wealthsimplebonus.ca/fr/blogue/code-promo-vs-code-parrainage","https://wealthsimplebonus.ca/_astro/isabelle-reuben.CkBqP7rZ.jpg","320517"
"Image","https://wealthsimplebonus.ca/fr/blogue/defi-echelle-parrainage","https://wealthsimplebonus.ca/_astro/isabelle-reuben.CkBqP7rZ.jpg","320517"
"Image","https://wealthsimplebonus.ca/fr/blogue/core-vs-premium-vs-generation","https://wealthsimplebonus.ca/_astro/isabelle-reuben.CkBqP7rZ.jpg","320517"
"Image","https://wealthsimplebonus.ca/fr/blogue/wealthsimple-vs-questrade-2025","https://wealthsimplebonus.ca/_astro/isabelle-reuben.CkBqP7rZ.jpg","320517"
"Image","https://wealthsimplebonus.ca/fr/blogue/evaluation-compte-wealthsimple-comptant","https://wealthsimplebonus.ca/_astro/isabelle-reuben.CkBqP7rZ.jpg","320517"
"Image","https://wealthsimplebonus.ca/blog/wealthsimple-tax-review-2025","https://wealthsimplebonus.ca/_astro/isabelle-reuben.CkBqP7rZ.jpg","320517"
"Image","https://wealthsimplebonus.ca/fr/blogue/evaluation-wealthsimple-impot-2025","https://wealthsimplebonus.ca/_astro/isabelle-reuben.CkBqP7rZ.jpg","320517"
"Image","https://wealthsimplebonus.ca/fr/blogue/code-de-parrainage-wealthsimple-2025","https://wealthsimplebonus.ca/_astro/conditions-prime-parrainage.CE9QxhL_.png","637710"
"Image","https://wealthsimplebonus.ca/fr/blogue/conditions-prime-parrainage","https://wealthsimplebonus.ca/_astro/conditions-prime-parrainage.CE9QxhL_.png","637710"
"Image","https://wealthsimplebonus.ca/fr/blogue","https://wealthsimplebonus.ca/_astro/conditions-prime-parrainage.CE9QxhL_.png","637710"
"Image","https://wealthsimplebonus.ca/fr/blogue/ajouter-code-parrainage-apres-inscription","https://wealthsimplebonus.ca/_astro/conditions-prime-parrainage.CE9QxhL_.png","637710"
"Image","https://wealthsimplebonus.ca/fr/blogue/code-promo-vs-code-parrainage","https://wealthsimplebonus.ca/_astro/conditions-prime-parrainage.CE9QxhL_.png","637710"
"Image","https://wealthsimplebonus.ca/fr/blogue/defi-echelle-parrainage","https://wealthsimplebonus.ca/_astro/conditions-prime-parrainage.CE9QxhL_.png","637710"
"Image","https://wealthsimplebonus.ca/fr/blogue/code-de-parrainage-wealthsimple-2025","https://wealthsimplebonus.ca/images/fr/wealthsimple-code-promo-vs-parrainage.webp","125024"
"Image","https://wealthsimplebonus.ca/fr/blogue/conditions-prime-parrainage","https://wealthsimplebonus.ca/images/fr/wealthsimple-code-promo-vs-parrainage.webp","125024"
"Image","https://wealthsimplebonus.ca/fr/blogue/ajouter-code-parrainage-apres-inscription","https://wealthsimplebonus.ca/images/fr/wealthsimple-code-promo-vs-parrainage.webp","125024"
"Image","https://wealthsimplebonus.ca/fr/blogue/2","https://wealthsimplebonus.ca/images/fr/wealthsimple-code-promo-vs-parrainage.webp","125024"
"Image","https://wealthsimplebonus.ca/fr/blogue/code-promo-vs-code-parrainage","https://wealthsimplebonus.ca/images/fr/wealthsimple-code-promo-vs-parrainage.webp","125024"
"Image","https://wealthsimplebonus.ca/fr/blogue/defi-echelle-parrainage","https://wealthsimplebonus.ca/images/fr/wealthsimple-code-promo-vs-parrainage.webp","125024"
"Image","https://wealthsimplebonus.ca/fr/blogue/code-de-parrainage-wealthsimple-2025","https://wealthsimplebonus.ca/_astro/defi-echelle-parrainage.BPM9XMsg.png","610170"
"Image","https://wealthsimplebonus.ca/fr/blogue/conditions-prime-parrainage","https://wealthsimplebonus.ca/_astro/defi-echelle-parrainage.BPM9XMsg.png","610170"
"Image","https://wealthsimplebonus.ca/fr/blogue","https://wealthsimplebonus.ca/_astro/defi-echelle-parrainage.BPM9XMsg.png","610170"
"Image","https://wealthsimplebonus.ca/fr/blogue/ajouter-code-parrainage-apres-inscription","https://wealthsimplebonus.ca/_astro/defi-echelle-parrainage.BPM9XMsg.png","610170"
"Image","https://wealthsimplebonus.ca/fr/blogue/code-promo-vs-code-parrainage","https://wealthsimplebonus.ca/_astro/defi-echelle-parrainage.BPM9XMsg.png","610170"
"Image","https://wealthsimplebonus.ca/fr/blogue/defi-echelle-parrainage","https://wealthsimplebonus.ca/_astro/defi-echelle-parrainage.BPM9XMsg.png","610170"
"Image","https://wealthsimplebonus.ca/fr/blogue/wealthsimple-crypto-vs-newton-vs-shakepay","https://wealthsimplebonus.ca/_astro/core-vs-premium-vs-generation-fr.sbx_5Zxs.png","458818"
"Image","https://wealthsimplebonus.ca/fr/blogue/2","https://wealthsimplebonus.ca/_astro/core-vs-premium-vs-generation-fr.sbx_5Zxs.png","458818"
"Image","https://wealthsimplebonus.ca/fr/blogue/core-vs-premium-vs-generation","https://wealthsimplebonus.ca/_astro/core-vs-premium-vs-generation-fr.sbx_5Zxs.png","458818"
"Image","https://wealthsimplebonus.ca/fr/blogue/wealthsimple-vs-questrade-2025","https://wealthsimplebonus.ca/_astro/core-vs-premium-vs-generation-fr.sbx_5Zxs.png","458818"
"Image","https://wealthsimplebonus.ca/fr/blogue/wealthsimple-crypto-vs-newton-vs-shakepay","https://wealthsimplebonus.ca/_astro/wealthsimple-vs-questrade.DPLJ6fLX.png","581735"
"Image","https://wealthsimplebonus.ca/fr/blogue","https://wealthsimplebonus.ca/_astro/wealthsimple-vs-questrade.DPLJ6fLX.png","581735"
"Image","https://wealthsimplebonus.ca/fr/blogue/core-vs-premium-vs-generation","https://wealthsimplebonus.ca/_astro/wealthsimple-vs-questrade.DPLJ6fLX.png","581735"
"Image","https://wealthsimplebonus.ca/fr/blogue/wealthsimple-vs-questrade-2025","https://wealthsimplebonus.ca/_astro/wealthsimple-vs-questrade.DPLJ6fLX.png","581735"
"Image","https://wealthsimplebonus.ca/fr/blogue/evaluation-compte-wealthsimple-comptant","https://wealthsimplebonus.ca/_astro/wealthsimple-vs-questrade.DPLJ6fLX.png","581735"
"Image","https://wealthsimplebonus.ca/fr/blogue/evaluation-wealthsimple-impot-2025","https://wealthsimplebonus.ca/_astro/wealthsimple-vs-questrade.DPLJ6fLX.png","581735"
"Image","https://wealthsimplebonus.ca/blog/2","https://wealthsimplebonus.ca/_astro/wealthsimple-cash-account-review.Dl1LdSpk.png","547398"
"Image","https://wealthsimplebonus.ca/blog/wealthsimple-cash-account-review","https://wealthsimplebonus.ca/_astro/wealthsimple-cash-account-review.Dl1LdSpk.png","547398"
"Image","https://wealthsimplebonus.ca/tag/cash-account-review","https://wealthsimplebonus.ca/_astro/wealthsimple-cash-account-review.Dl1LdSpk.png","547398"
"Image","https://wealthsimplebonus.ca/category/reviews","https://wealthsimplebonus.ca/_astro/wealthsimple-cash-account-review.Dl1LdSpk.png","547398"
"Image","https://wealthsimplebonus.ca/tag/wealthsimple-card","https://wealthsimplebonus.ca/_astro/wealthsimple-cash-account-review.Dl1LdSpk.png","547398"
"Image","https://wealthsimplebonus.ca/tag/high-interest-savings","https://wealthsimplebonus.ca/_astro/wealthsimple-cash-account-review.Dl1LdSpk.png","547398"
"Image","https://wealthsimplebonus.ca/tag/wealthsimple-cash","https://wealthsimplebonus.ca/_astro/wealthsimple-cash-account-review.Dl1LdSpk.png","547398"
"Image","https://wealthsimplebonus.ca/blog/wealthsimple-tax-review-2025","https://wealthsimplebonus.ca/_astro/wealthsimple-cash-account-review.Dl1LdSpk.png","547398"
"Image","https://wealthsimplebonus.ca/blog/2","https://wealthsimplebonus.ca/_astro/wealthsimple-tax-review-2026.CWl_e8EY.png","556232"
"Image","https://wealthsimplebonus.ca/blog/wealthsimple-cash-account-review","https://wealthsimplebonus.ca/_astro/wealthsimple-tax-review-2026.CWl_e8EY.png","556232"
"Image","https://wealthsimplebonus.ca/category/reviews","https://wealthsimplebonus.ca/_astro/wealthsimple-tax-review-2026.CWl_e8EY.png","556232"
"Image","https://wealthsimplebonus.ca/tag/tax-filing-2026","https://wealthsimplebonus.ca/_astro/wealthsimple-tax-review-2026.CWl_e8EY.png","556232"
"Image","https://wealthsimplebonus.ca/tag/canadian-taxes","https://wealthsimplebonus.ca/_astro/wealthsimple-tax-review-2026.CWl_e8EY.png","556232"
"Image","https://wealthsimplebonus.ca/blog/wealthsimple-tax-review-2025","https://wealthsimplebonus.ca/_astro/wealthsimple-tax-review-2026.CWl_e8EY.png","556232"
"Image","https://wealthsimplebonus.ca/tag/wealthsimple-tax","https://wealthsimplebonus.ca/_astro/wealthsimple-tax-review-2026.CWl_e8EY.png","556232"
"Image","https://wealthsimplebonus.ca/tag/free-tax-software","https://wealthsimplebonus.ca/_astro/wealthsimple-tax-review-2026.CWl_e8EY.png","556232"
"Image","https://wealthsimplebonus.ca/blog/2","https://wealthsimplebonus.ca/_astro/core-vs-premium-vs-generation.ul9Rb3bU.png","586694"
"Image","https://wealthsimplebonus.ca/blog/core-vs-premium-vs-generation","https://wealthsimplebonus.ca/_astro/core-vs-premium-vs-generation.ul9Rb3bU.png","586694"
"Image","https://wealthsimplebonus.ca/tag/is-premium-worth-it","https://wealthsimplebonus.ca/_astro/core-vs-premium-vs-generation.ul9Rb3bU.png","586694"
"Image","https://wealthsimplebonus.ca/tag/wealthsimple-generation","https://wealthsimplebonus.ca/_astro/core-vs-premium-vs-generation.ul9Rb3bU.png","586694"
"Image","https://wealthsimplebonus.ca/tag/wealthsimple-premium","https://wealthsimplebonus.ca/_astro/core-vs-premium-vs-generation.ul9Rb3bU.png","586694"
"Image","https://wealthsimplebonus.ca/tag/wealthsimple-tiers","https://wealthsimplebonus.ca/_astro/core-vs-premium-vs-generation.ul9Rb3bU.png","586694"
"Image","https://wealthsimplebonus.ca/category/guides","https://wealthsimplebonus.ca/_astro/core-vs-premium-vs-generation.ul9Rb3bU.png","586694"
"Image","https://wealthsimplebonus.ca/fr/blogue/2","https://wealthsimplebonus.ca/_astro/evaluation-compte-wealthsimple-comptant.C7tAq4OQ.png","614049"
"Image","https://wealthsimplebonus.ca/fr/blogue/evaluation-compte-wealthsimple-comptant","https://wealthsimplebonus.ca/_astro/evaluation-compte-wealthsimple-comptant.C7tAq4OQ.png","614049"
"Image","https://wealthsimplebonus.ca/fr/blogue/evaluation-wealthsimple-impot-2025","https://wealthsimplebonus.ca/_astro/evaluation-compte-wealthsimple-comptant.C7tAq4OQ.png","614049"
"Image","https://wealthsimplebonus.ca/fr/blogue/2","https://wealthsimplebonus.ca/_astro/evaluation-wealthsimple-impot.xOrm5Rop.png","648228"
"Image","https://wealthsimplebonus.ca/fr/blogue/evaluation-compte-wealthsimple-comptant","https://wealthsimplebonus.ca/_astro/evaluation-wealthsimple-impot.xOrm5Rop.png","648228"
"Image","https://wealthsimplebonus.ca/fr/blogue/evaluation-wealthsimple-impot-2025","https://wealthsimplebonus.ca/_astro/evaluation-wealthsimple-impot.xOrm5Rop.png","648228"
